"Wijken en buurten";"Inkomen/Inkomen van huishoudens/Gem. gestandaardiseerd inkomen van huish (x 1 000 euro)";"Inkomen/Inkomen van huishoudens/40% huishoudens met laagste inkomen (%)";"Inkomen/Inkomen van huishoudens/20% huishoudens met hoogste inkomen (%)";"Inkomen/Inkomen van huishoudens/Huishoudens met een laag inkomen (%)";"Inkomen/Inkomen van huishoudens/Huish. onder of rond sociaal minimum (%)";"Inkomen/Inkomen van huishoudens/Huishoudens tot 110% van sociaal minimum (%)";"Inkomen/Inkomen van huishoudens/Huishoudens tot 120% van sociaal minimum (%)";"Inkomen/Inkomen van huishoudens/Mediaan vermogen van particuliere huish. (x 1 000 euro)"
"Amsterdam";"    42.5";"    49.6";"    18.1";"     9.2";"    11.5";"    15.3";"    18.1";"    13.9"
"Haarlemmerbuurt";"    49.9";"    48.9";"    19.5";"     9.6";"    11.6";"    15.4";"    18.3";"    35.2"
"Planciusbuurt-Noord";"    33.9";"    58.9";"     6.3";"    12.7";"    12.7";"    18.1";"    21.1";"     6.6"
"Westelijke eilanden";"    40.9";"    52.7";"    19.0";"    10.0";"    11.8";"    16.0";"    18.6";"    39.8"
"Westerdokseiland";"    69.6";"    30.8";"    33.4";"     6.3";"     9.7";"    11.9";"    14.4";"   150.4"
"Planciusbuurt-Zuid";"    27.5";"    76.3";"     1.7";"    22.3";"    24.1";"    31.3";"    35.7";"     2.9"
"Haarlemmerbuurt-West";"    44.9";"    51.3";"    16.6";"    11.2";"    13.1";"    17.3";"    20.8";"    24.4"
"Haarlemmerbuurt-Oost";"    60.6";"    50.8";"    16.3";"     7.8";"     9.1";"    12.1";"    15.0";"    32.2"
"Jordaan";"    46.2";"    55.3";"    15.5";"    10.6";"    12.7";"    16.7";"    19.5";"    22.2"
"Marnixbuurt-Noord";"    35.9";"    59.3";"    13.8";"    10.4";"    14.1";"    18.8";"    22.4";"     9.4"
"Driehoekbuurt";"    38.6";"    56.5";"    13.5";"    11.5";"    13.2";"    17.5";"    20.0";"    19.1"
"Anjeliersbuurt-Noord";"    51.1";"    51.1";"    18.3";"     8.8";"    10.4";"    13.9";"    17.0";"    30.1"
"Zaagpoortbuurt";"    30.7";"    71.3";"     6.5";"    16.3";"    18.3";"    24.7";"    27.4";"     3.9"
"Anjeliersbuurt-Zuid";"    38.8";"    56.6";"    14.4";"    10.8";"    13.3";"    17.8";"    21.0";"    25.9"
"Marnixbuurt-Midden";"    52.3";"    40.2";"    26.6";"     5.3";"     5.3";"     6.1";"     7.9";"    38.5"
"Bloemgrachtbuurt";"    52.2";"    49.8";"    19.1";"     9.5";"    10.9";"    14.1";"    16.3";"    32.2"
"Groenmarktkadebuurt";"    53.2";"    45.2";"    23.6";"     4.9";"     4.9";"     7.1";"     9.2";"    23.4"
"Marnixbuurt-Zuid";"    37.2";"    60.1";"    10.1";"    12.6";"    13.7";"    16.5";"    19.3";"    25.1"
"Elandsgrachtbuurt";"    56.4";"    55.5";"    15.8";"    10.1";"    13.1";"    16.8";"    19.3";"    23.2"
"Passeerdersgrachtbuurt";"    53.8";"    50.9";"    17.6";"    12.2";"    12.9";"    17.3";"    20.5";"    64.0"
"Grachtengordel-West";"    95.6";"    39.7";"    29.7";"     8.1";"     7.9";"     9.4";"    10.7";"    97.9"
"Langestraat e.o.";"    93.7";"    38.0";"    30.2";"     8.4";"     8.2";"     9.8";"    10.8";"   244.4"
"Leliegracht e.o.";"   108.8";"    40.7";"    29.7";"     7.9";"     7.8";"     8.7";"    10.0";"    77.7"
"Felix Meritisbuurt";"    81.5";"    39.6";"    28.2";"     7.5";"     7.6";"     9.3";"    10.7";"    78.8"
"Leidsegracht-Noord";"   109.4";"    42.3";"    32.5";"     9.4";"     8.4";"     9.9";"    11.4";"    55.6"
"Burgwallen-Nieuwe Zijde";"    39.0";"    53.9";"    13.5";"     9.0";"     8.8";"    11.2";"    12.8";"     6.8"
"Stationsplein e.o.";"       .";"       .";"       .";"       .";"       .";"       .";"       .";"       ."
"Hemelrijk";"    36.7";"    55.5";"    12.6";"    11.4";"    10.8";"    13.9";"    14.5";"     7.5"
"Nieuwendijk-Noord";"    37.6";"    58.5";"     8.8";"    13.8";"    13.8";"    16.3";"    17.7";"     4.6"
"Spuistraat-Noord";"    41.5";"    51.7";"    13.8";"     8.1";"     7.7";"    10.1";"    10.7";"     7.7"
"Nieuwe Kerk e.o.";"    37.8";"    51.0";"    15.2";"     6.5";"     6.3";"     8.1";"     9.5";"     5.6"
"Spuistraat-Zuid";"    42.7";"    52.9";"    16.7";"     9.6";"     9.4";"    12.5";"    14.3";"    12.1"
"Begijnhofbuurt";"    35.5";"    60.1";"     9.2";"     7.4";"     7.7";"    10.0";"    14.7";"     5.6"
"Kalverdriehoek";"    38.0";"    49.8";"    15.6";"     6.8";"     6.2";"     7.4";"     8.0";"     3.8"
"Burgwallen-Oude Zijde";"    38.2";"    60.8";"    10.1";"    12.2";"    12.6";"    16.0";"    18.3";"     5.2"
"Kop Zeedijk";"    38.9";"    58.2";"     9.5";"    11.0";"    12.1";"    14.4";"    16.8";"     6.6"
"Oude Kerk e.o.";"    40.3";"    65.0";"     9.2";"    14.9";"    14.9";"    19.3";"    22.1";"     4.4"
"Burgwallen-Oost";"    35.2";"    63.1";"     8.9";"    13.2";"    13.0";"    17.7";"    19.7";"     3.7"
"Nes e.o.";"    48.9";"    42.4";"    17.2";"     8.3";"     9.2";"    10.1";"    11.9";"    14.1"
"BG-terrein e.o.";"    36.3";"    64.5";"    11.5";"    11.6";"    12.1";"    14.7";"    18.2";"     5.9"
"Nieuwmarkt/Lastage";"    49.3";"    51.0";"    18.0";"     8.2";"    11.2";"    14.6";"    17.0";"    29.6"
"Oosterdokseiland";"    62.7";"    32.4";"    28.8";"     6.4";"     6.8";"     8.9";"     9.3";"    19.0"
"Lastage";"    53.4";"    44.9";"    19.8";"     7.5";"     9.1";"    11.5";"    13.0";"    50.1"
"Scheepvaarthuisbuurt";"    50.6";"    44.4";"    23.0";"     6.2";"     6.5";"     7.0";"     7.5";"    56.8"
"Rapenburg";"    48.1";"    51.7";"    18.2";"     6.9";"     8.6";"    10.9";"    12.0";"    19.5"
"Nieuwmarkt";"    35.0";"    62.1";"    10.4";"    11.6";"    17.0";"    22.6";"    26.8";"    17.0"
"Uilenburg";"    49.4";"    45.7";"    23.4";"     8.8";"    11.6";"    15.3";"    17.1";"    44.2"
"Valkenburg";"    42.0";"    49.3";"    18.5";"     4.7";"     9.5";"    13.0";"    15.0";"    60.8"
"Zuiderkerkbuurt";"       .";"    55.6";"    15.7";"    10.1";"    13.3";"    16.8";"    20.2";"    21.4"
"Waterloopleinbuurt";"    48.6";"    53.6";"    15.3";"     6.4";"     9.4";"    13.0";"    16.2";"    30.6"
"Grachtengordel-Zuid";"   109.2";"    41.9";"    26.2";"     6.8";"     6.5";"     7.5";"     8.6";"    39.8"
"Leidsegracht-Zuid";"    72.1";"    41.3";"    27.5";"     7.0";"     7.0";"     8.6";"     8.9";"    74.7"
"Geelvinckbuurt";"    49.5";"    52.3";"    14.7";"     4.2";"     3.6";"     4.2";"     7.8";"     4.4"
"Rembrandtplein e.o.";"    65.5";"    45.6";"    14.5";"     7.0";"     6.1";"     7.4";"     8.1";"     4.2"
"Spiegelbuurt";"   114.2";"    39.0";"    29.9";"     5.5";"     5.7";"     6.2";"     6.9";"   120.7"
"Vijzelstraatbuurt";"    98.6";"    40.1";"    31.1";"     6.3";"     6.3";"     6.9";"     8.0";"   157.5"
"Amstelveldbuurt";"   178.1";"    40.4";"    29.9";"     8.4";"     7.9";"     9.0";"    10.4";"   183.8"
"De Weteringschans";"    83.2";"    42.9";"    24.0";"     7.1";"     7.7";"     9.5";"    11.1";"    39.8"
"Leidsebuurt-Noordwest";"    42.6";"    47.1";"    14.7";"     4.0";"     4.5";"     5.1";"     5.1";"    18.2"
"Leidsebuurt-Noordoost";"    43.3";"    48.5";"    15.2";"     7.3";"     7.3";"     9.1";"    10.1";"     7.7"
"Weteringbuurt";"       .";"    43.2";"    24.1";"     7.4";"     7.5";"     9.3";"    11.0";"    43.7"
"Utrechtsebuurt-Zuid";"    54.5";"    41.6";"    23.9";"     6.9";"     8.0";"    10.7";"    12.2";"    95.9"
"Leidsebuurt-Zuidwest";"    36.5";"    61.5";"    14.7";"       .";"       .";"       .";"       .";"     7.0"
"Leidsebuurt-Zuidoost";"    59.7";"    48.1";"    19.0";"     7.9";"     9.7";"    10.3";"    12.1";"    26.2"
"Den Texbuurt";"    58.3";"    37.7";"    31.4";"     6.6";"     8.2";"     9.8";"    11.6";"    96.5"
"Frederikspleinbuurt";"    90.8";"    35.6";"    33.7";"     7.7";"     8.1";"     9.6";"    11.8";"    95.9"
"Weesperbuurt/Plantage";"    59.8";"    46.2";"    22.4";"     7.6";"     9.0";"    11.7";"    13.4";"    42.4"
"Weesperbuurt";"    62.0";"    51.7";"    18.7";"     7.0";"     9.5";"    12.9";"    14.8";"    27.6"
"Plantage";"    71.7";"    36.0";"    26.9";"     6.5";"     6.3";"     8.2";"     9.6";"   135.4"
"Sarphatistrook";"    45.1";"    50.3";"    21.9";"    10.0";"    11.9";"    14.6";"    16.5";"    21.3"
"Alexanderplein e.o.";"    45.4";"    40.6";"    29.1";"     7.7";"     6.7";"     8.6";"     9.6";"   120.1"
"Oostelijke Eilanden/Kadijken";"    38.0";"    51.3";"    16.0";"     9.5";"    11.6";"    15.7";"    18.3";"    18.1"
"Marine-Etablissement";"       .";"       .";"       .";"       .";"       .";"       .";"       .";"       ."
"Kattenburg";"    29.0";"    63.4";"    12.3";"     9.0";"    12.4";"    18.0";"    21.8";"     8.3"
"Wittenburg";"    36.2";"    51.9";"    14.4";"    10.0";"    12.7";"    17.8";"    20.7";"    24.9"
"Oostenburg";"    39.7";"    45.7";"    15.4";"     6.8";"     8.5";"    10.8";"    13.1";"     8.6"
"Czaar Peterbuurt";"    35.4";"    56.9";"    13.3";"    13.5";"    15.5";"    20.1";"    23.0";"     7.7"
"Het Funen";"    48.7";"    33.6";"    34.4";"     4.9";"     5.6";"     9.2";"    11.3";"   398.3"
"Kadijken";"    41.6";"    51.5";"    17.1";"     9.6";"    12.2";"    15.6";"    18.2";"    44.0"
"Kazernebuurt";"    35.1";"    54.3";"    11.6";"    12.2";"    13.2";"    19.5";"    22.3";"    17.0"
"Havens-West";"       .";"       .";"       .";"       .";"       .";"       .";"       .";"       ."
"Afrikahaven";"       .";"       .";"       .";"       .";"       .";"       .";"       .";"       ."
"Amerikahaven";"       .";"       .";"       .";"       .";"       .";"       .";"       .";"       ."
"Westhaven-Noord";"       .";"       .";"       .";"       .";"       .";"       .";"       .";"       ."
"Petroleumhaven";"       .";"       .";"       .";"       .";"       .";"       .";"       .";"       ."
"Vervoerscentrum";"       .";"       .";"       .";"       .";"       .";"       .";"       .";"       ."
"Westhaven-Zuid";"       .";"       .";"       .";"       .";"       .";"       .";"       .";"       ."
"Coenhaven/Minervahaven";"     9.3";"    96.4";"     0.6";"       .";"       .";"       .";"       .";"     0.0"
"Coenhaven";"       .";"       .";"       .";"       .";"       .";"       .";"       .";"       ."
"Vlothaven";"       .";"       .";"       .";"       .";"       .";"       .";"       .";"       ."
"Minervahaven-Noordoost";"     7.7";"    97.8";"     0.3";"       .";"       .";"       .";"       .";"     0.0"
"Minervahaven-Noordwest";"       .";"       .";"       .";"       .";"       .";"       .";"       .";"       ."
"Minervahaven-Zuidwest";"       .";"       .";"       .";"       .";"       .";"       .";"       .";"       ."
"Minervahaven-Zuidoost";"       .";"       .";"       .";"       .";"       .";"       .";"       .";"       ."
"Alfa-driehoek";"       .";"       .";"       .";"       .";"       .";"       .";"       .";"       ."
"Hemknoop-Noord";"       .";"       .";"       .";"       .";"       .";"       .";"       .";"       ."
"Sloterdijk-West";"    52.6";"    26.3";"    33.1";"     5.8";"     6.1";"     6.1";"     6.4";"    27.4"
"Isolatorbuurt";"       .";"       .";"       .";"       .";"       .";"       .";"       .";"       ."
"Contactbuurt";"       .";"       .";"       .";"       .";"       .";"       .";"       .";"       ."
"Woon- en Groengebied Sloterdijk";"    54.1";"    23.8";"    35.2";"     4.4";"     4.7";"     4.7";"     5.0";"    31.2"
"Spaarndammerbuurt/Zeeheldenbuurt";"    35.3";"    55.7";"    13.4";"    11.8";"    15.1";"    19.8";"    23.2";"     9.5"
"Hemknoop-Zuid";"       .";"       .";"       .";"       .";"       .";"       .";"       .";"       ."
"Overbraker Binnenpolder";"       .";"       .";"       .";"       .";"       .";"       .";"       .";"       ."
"Zaanstraat emplacement";"       .";"       .";"       .";"       .";"       .";"       .";"       .";"       ."
"Spaarndammerbuurt-Noordwest";"    33.8";"    55.7";"    13.7";"    12.9";"    15.7";"    19.2";"    22.3";"     5.2"
"Spaarndammerbuurt-Midden";"    36.2";"    51.2";"    16.1";"    10.4";"    12.7";"    18.0";"    20.3";"    11.4"
"Spaarndammerbuurt-Zuidwest";"    37.4";"    57.0";"    13.5";"    10.5";"    14.8";"    19.8";"    23.0";"     9.0"
"Spaarndammerbuurt-Noordoost";"    32.9";"    60.7";"    11.1";"    14.2";"    17.2";"    22.7";"    26.7";"     7.0"
"Zeeheldenbuurt";"    37.0";"    52.1";"    14.1";"    11.0";"    14.6";"    19.2";"    22.9";"    19.0"
"Westergasfabriek";"       .";"       .";"       .";"       .";"       .";"       .";"       .";"       ."
"Spaarndammerbuurt-Zuidoost";"    36.9";"    52.3";"    13.7";"     9.1";"    12.6";"    16.7";"    20.3";"    18.5"
"Houthavens";"    75.6";"    24.4";"    43.9";"     4.4";"     4.4";"     5.5";"     6.3";"   365.2"
"Houthavens-West";"    80.2";"    21.2";"    48.2";"     3.4";"     3.6";"     4.4";"     5.0";"   354.8"
"Houthavens-Oost";"    53.6";"    39.6";"    23.6";"     9.1";"     8.4";"    10.4";"    12.5";"   464.2"
"De Kolenkit";"    33.2";"    53.7";"    14.5";"    12.0";"    14.3";"    19.2";"    22.3";"     4.0"
"Kolenkitbuurt-Noord";"    32.3";"    51.0";"    14.0";"    15.6";"    17.2";"    22.3";"    25.4";"     2.3"
"Kolenkitbuurt-Zuid";"    36.2";"    45.6";"    18.8";"    10.5";"    13.5";"    18.5";"    21.3";"     8.3"
"Laan van Spartaan";"    35.0";"    49.8";"    17.8";"     8.2";"     9.7";"    13.1";"    15.3";"     7.0"
"Robert Scottbuurt-West";"    30.7";"    68.3";"     8.6";"    10.3";"    14.4";"    20.2";"    24.3";"     4.2"
"Landlust";"    35.5";"    50.7";"    15.1";"    10.6";"    13.1";"    17.6";"    20.6";"     8.3"
"Bosleeuw";"    33.7";"    51.5";"    14.8";"    11.3";"    13.4";"    18.0";"    21.2";"     5.8"
"Gibraltarbuurt";"    33.3";"    55.4";"     9.8";"    12.2";"    14.6";"    19.6";"    22.8";"     4.4"
"Bedrijventerrein Landlust";"    42.3";"    41.1";"    18.2";"     4.8";"     5.9";"     7.6";"     8.1";"    30.4"
"Landlust-Noord";"    33.5";"    52.9";"    11.1";"    10.7";"    13.8";"    19.0";"    22.4";"     6.6"
"Erasmusparkbuurt-Oost";"    39.4";"    45.2";"    23.9";"     8.6";"    10.5";"    14.8";"    17.3";"    16.7"
"Landlust-Zuid";"    38.3";"    47.3";"    19.3";"     9.9";"    13.1";"    17.3";"    20.3";"    16.7"
"Erasmuspark";"    40.2";"    40.9";"    19.8";"     6.2";"     8.1";"    10.9";"    12.6";"    37.4"
"Robert Scottbuurt-Oost";"    37.9";"    46.6";"    17.1";"     8.3";"    11.4";"    14.9";"    17.1";"    13.0"
"Erasmusparkbuurt-West";"    41.2";"    38.4";"    20.9";"     5.3";"     6.7";"     9.2";"    10.7";"    58.5"
"Centrale Markt";"    41.0";"    41.3";"    21.8";"     7.5";"    10.5";"    14.4";"    16.8";"    55.4"
"Bedrijvencentrum Westerkwartier";"       .";"       .";"       .";"       .";"       .";"       .";"       .";"       ."
"GWL-terrein";"    42.9";"    33.2";"    26.4";"     6.4";"     8.6";"    12.2";"    14.2";"   173.1"
"Markthallen";"       .";"       .";"       .";"       .";"       .";"       .";"       .";"       ."
"Marcanti";"    39.1";"    49.8";"    16.8";"     8.5";"    12.5";"    16.8";"    19.7";"    18.6"
"Staatsliedenbuurt";"    37.8";"    51.3";"    15.7";"    11.4";"    14.1";"    18.6";"    21.3";"    16.9"
"Westerstaatsman";"    39.2";"    48.0";"    16.6";"    11.2";"    12.4";"    16.3";"    19.3";"    20.5"
"Fannius Scholtenbuurt";"    36.7";"    51.1";"    13.4";"    12.7";"    15.0";"    19.2";"    21.4";"    18.6"
"Staatsliedenbuurt-Noordoost";"    32.2";"    62.5";"    10.1";"    11.3";"    18.5";"    25.3";"    30.4";"     9.2"
"De Wittenbuurt-Noord";"    38.6";"    53.3";"    16.1";"    11.0";"    13.4";"    17.1";"    20.8";"    17.3"
"De Wittenbuurt-Zuid";"    32.6";"    63.3";"     9.4";"    16.2";"    21.4";"    27.6";"    30.8";"    12.2"
"Buyskade e.o.";"    41.2";"    45.6";"    21.8";"     8.9";"    10.7";"    15.1";"    16.6";"    18.6"
"Frederik Hendrikbuurt";"    39.8";"    49.6";"    16.8";"    10.8";"    12.9";"    17.0";"    19.3";"    19.9"
"Frederik Hendrikbuurt-Noord";"    38.8";"    49.4";"    16.8";"    10.3";"    12.3";"    16.3";"    18.8";"    20.9"
"Frederik Hendrikbuurt-Zuidwest";"    42.2";"    45.8";"    18.8";"     8.3";"    11.3";"    15.0";"    17.2";"    39.4"
"Frederik Hendrikbuurt-Zuidoost";"    40.2";"    51.1";"    16.1";"    12.3";"    14.2";"    18.3";"    20.6";"    13.0"
"Van Galenbuurt";"    33.7";"    57.6";"    11.4";"    13.0";"    15.8";"    21.2";"    24.8";"     6.2"
"Mercatorpark";"       .";"       .";"       .";"       .";"       .";"       .";"       .";"       ."
"Orteliusbuurt-Noord";"    36.4";"    52.5";"    12.7";"    12.7";"    13.9";"    19.3";"    23.3";"    12.5"
"Jan Maijenbuurt";"    32.7";"    59.4";"    11.1";"    14.4";"    18.6";"    23.7";"    26.9";"     4.8"
"John Franklinbuurt";"    33.0";"    59.2";"    10.8";"    11.5";"    14.0";"    19.5";"    23.3";"     4.7"
"Geuzenbuurt";"    40.3";"    47.5";"    18.1";"     8.6";"    10.4";"    13.5";"    15.7";"    19.0"
"Pieter van der Doesbuurt";"    34.7";"    56.3";"    13.6";"    13.4";"    16.3";"    21.2";"    24.2";"     5.2"
"Trompbuurt";"    41.9";"    45.8";"    20.9";"     7.4";"     9.2";"    11.7";"    13.9";"    19.0"
"Geuzenhofbuurt";"    43.1";"    41.5";"    18.0";"     5.8";"     6.6";"     8.5";"    10.1";"    70.1"
"Hoofdweg e.o.";"    36.4";"    53.4";"    13.7";"    11.4";"    14.0";"    18.2";"    21.2";"     6.2"
"Orteliusbuurt-Midden";"    37.9";"    50.0";"    15.4";"    10.6";"    13.2";"    16.2";"    19.1";"    12.2"
"Balboaplein e.o.";"    35.7";"    53.3";"    13.5";"    11.6";"    13.6";"    18.2";"    21.0";"     4.7"
"Orteliusbuurt-Zuid";"    36.6";"    50.4";"    15.3";"     8.6";"    10.7";"    15.4";"    18.2";"    10.4"
"Columbusplein e.o.";"    36.1";"    57.0";"    12.1";"    13.4";"    16.6";"    20.9";"    24.4";"     4.3"
"Chassébuurt";"    38.4";"    48.2";"    18.6";"     9.8";"    12.6";"    16.8";"    19.7";"    10.0"
"Filips van Almondekwartier";"    40.7";"    48.5";"    22.1";"     7.4";"    11.5";"    14.4";"    17.1";"    14.0"
"Kortenaerkwartier";"    40.1";"    45.4";"    20.1";"     8.9";"    11.3";"    14.9";"    17.5";"    16.9"
"Van Brakelkwartier";"    34.0";"    51.5";"    13.2";"    11.4";"    14.7";"    20.5";"    22.6";"     3.8"
"De Wester Quartier";"    36.9";"    49.8";"    17.3";"    11.5";"    13.8";"    19.0";"    22.7";"     8.1"
"Bellamybuurt";"    41.3";"    49.5";"    17.7";"     8.6";"    10.1";"    13.7";"    16.3";"    14.1"
"Bellamybuurt-Noord";"    39.9";"    50.1";"    18.0";"     9.6";"    11.4";"    15.6";"    18.5";"    12.8"
"Bellamybuurt-Zuid";"    42.1";"    49.1";"    17.5";"     8.1";"     9.5";"    12.5";"    15.0";"    14.2"
"Da Costabuurt";"    43.8";"    46.2";"    21.7";"     7.5";"     9.7";"    12.2";"    14.0";"    30.6"
"Da Costabuurt-Noord";"    43.8";"    46.2";"    21.7";"     7.5";"     9.7";"    12.2";"    14.0";"    30.6"
"Westindische Buurt";"    42.3";"    42.4";"    22.4";"     6.6";"     8.2";"    10.9";"    13.1";"    22.4"
"Postjeskade e.o.";"    40.6";"    43.4";"    21.0";"     6.8";"     8.4";"    11.3";"    14.0";"    17.6"
"Paramariboplein e.o.";"    43.7";"    41.5";"    23.5";"     6.5";"     8.0";"    10.6";"    12.4";"    28.6"
"Van Lennepbuurt";"    36.7";"    58.0";"    12.0";"    11.9";"    16.7";"    21.5";"    24.9";"    11.1"
"Lootsbuurt";"    38.0";"    58.9";"    12.2";"    13.6";"    17.7";"    22.9";"    25.4";"     9.7"
"Borgerbuurt";"    32.3";"    64.0";"     9.3";"    12.8";"    21.0";"    27.3";"    31.9";"     8.7"
"Da Costabuurt-Zuid";"    40.8";"    50.1";"    14.9";"     9.5";"    10.7";"    13.1";"    15.9";"    18.0"
"Overtoomse Sluis";"    47.0";"    42.8";"    23.6";"     7.8";"     8.9";"    11.4";"    13.4";"    34.0"
"Cremerbuurt-West";"    44.2";"    42.9";"    22.4";"     8.2";"     9.1";"    11.7";"    13.9";"    30.7"
"Vondelparkbuurt-West";"    54.6";"    42.5";"    26.6";"     6.5";"     8.3";"    10.4";"    12.0";"    51.9"
"Helmersbuurt";"    49.0";"    44.7";"    23.8";"     8.3";"     9.8";"    12.5";"    14.5";"    37.9"
"Cremerbuurt-Oost";"    48.8";"    41.5";"    25.1";"     7.8";"     8.6";"    10.6";"    12.2";"    37.3"
"WG-terrein";"    43.2";"    53.7";"    18.8";"    11.6";"    14.4";"    18.5";"    22.1";"    25.8"
"Helmersbuurt-Oost";"    55.6";"    37.5";"    28.1";"     4.8";"     5.6";"     7.2";"     8.0";"    62.8"
"Vondelparkbuurt";"    97.1";"    43.6";"    27.6";"    10.1";"    10.4";"    12.9";"    14.9";"    38.1"
"Vondelparkbuurt-Midden";"       .";"    46.4";"    25.7";"     7.8";"     8.7";"    12.8";"    15.9";"    35.7"
"Vondelparkbuurt-Oost";"    90.1";"    41.3";"    29.2";"    12.1";"    11.8";"    13.1";"    14.2";"    41.2"
"Sloterdijk Nieuw-West";"    23.2";"    80.5";"     3.2";"    17.5";"    14.9";"    18.3";"    22.1";"     0.4"
"Sloterdijk De Heining";"       .";"       .";"       .";"       .";"       .";"       .";"       .";"       ."
"Sloterdijk Poort-Noord";"       .";"       .";"       .";"       .";"       .";"       .";"       .";"       ."
"Sloterdijk Poort-Zuid";"       .";"       .";"       .";"       .";"       .";"       .";"       .";"       ."
"Sloterdijk Rhônepark";"       .";"       .";"       .";"       .";"       .";"       .";"       .";"       ."
"Sloterdijk Donauhoek";"       .";"       .";"       .";"       .";"       .";"       .";"       .";"       ."
"Bretten-West";"       .";"       .";"       .";"       .";"       .";"       .";"       .";"       ."
"Bretten-Oost";"       .";"       .";"       .";"       .";"       .";"       .";"       .";"       ."
"Sloterdijk Stationskwartier";"    24.1";"    79.8";"     3.2";"    14.6";"    12.2";"    15.1";"    18.8";"     0.5"
"Geuzenveld";"    30.8";"    49.8";"    13.6";"    11.4";"    14.0";"    19.5";"    23.0";"     6.9"
"Osdorper Binnenpolder";"       .";"       .";"       .";"       .";"       .";"       .";"       .";"       ."
"De Eendracht";"    35.7";"    36.7";"    20.3";"     4.2";"     4.3";"     7.0";"     9.0";"    78.5"
"Ruys de Beerenbrouckbuurt";"    29.7";"    54.1";"    12.5";"    12.7";"    16.2";"    22.5";"    26.5";"     4.6"
"Eendrachtspark";"    30.1";"    58.1";"     8.7";"    25.5";"    26.1";"    31.7";"    33.5";"     4.4"
"Van Tijenbuurt";"    32.1";"    44.9";"    19.6";"     8.0";"     9.7";"    13.5";"    16.5";"    20.5"
"Dudokbuurt";"    28.8";"    54.8";"     9.9";"    13.5";"    18.0";"    25.5";"    29.9";"     3.0"
"Bakemabuurt";"    31.0";"    45.7";"    11.2";"    13.7";"    14.3";"    19.7";"    23.4";"     3.7"
"Wegener Sleeswijkbuurt";"    28.8";"    57.2";"     9.0";"    12.3";"    17.0";"    22.6";"    26.4";"     4.2"
"Slotermeer-West";"    28.3";"    59.9";"     9.5";"    14.1";"    17.3";"    22.7";"    26.8";"     3.0"
"Jan de Louterbuurt";"    29.9";"    57.6";"    10.0";"    11.4";"    13.8";"    17.8";"    20.6";"     6.9"
"Lodewijk van Deysselbuurt";"    26.5";"    60.9";"     8.3";"    16.6";"    20.6";"    26.0";"    30.8";"     1.9"
"Confuciusbuurt";"    28.3";"    61.4";"     9.9";"    14.5";"    18.0";"    24.5";"    29.3";"     2.7"
"Slotermeer-Noordoost";"    29.8";"    56.3";"    11.1";"    14.5";"    17.3";"    22.7";"    26.1";"     4.2"
"Arondeusbuurt";"    27.4";"    59.8";"    10.0";"    15.7";"    19.5";"    26.0";"    30.0";"     2.4"
"Coronelbuurt";"    37.7";"    40.1";"    21.2";"     6.1";"     5.7";"     6.7";"     7.2";"   197.0"
"Meerwaldtbuurt";"    26.4";"    66.9";"     8.2";"    19.1";"    24.8";"    32.0";"    36.7";"     2.2"
"Dobbebuurt";"    30.4";"    54.1";"     8.6";"    14.5";"    16.3";"    21.6";"    25.1";"     3.9"
"Slotermeer-Zuidoost";"    31.0";"    60.7";"    10.7";"    13.0";"    16.7";"    22.8";"    25.8";"     5.0"
"Dichtersbuurt";"    26.8";"    73.0";"     5.1";"    17.3";"    25.9";"    32.7";"    36.2";"     2.8"
"Louis Couperusbuurt";"    27.0";"    70.5";"     4.5";"    15.5";"    19.2";"    27.0";"    31.4";"     1.5"
"Noordoever Sloterplas";"    35.5";"    49.3";"    17.3";"     9.5";"    11.5";"    16.1";"    17.8";"    26.7"
"Sloterpark";"       .";"       .";"       .";"       .";"       .";"       .";"       .";"       ."
"Lutkemeer/Ookmeer";"    47.2";"    44.0";"    26.2";"    11.1";"    13.2";"    17.8";"    18.6";"   294.6"
"Osdorper Bovenpolder";"    45.7";"    42.7";"    27.5";"     9.9";"    13.1";"    17.8";"    18.8";"   308.0"
"Ookmeer";"       .";"       .";"       .";"       .";"       .";"       .";"       .";"       ."
"Bedrijvenpark Lutkemeer";"       .";"       .";"       .";"       .";"       .";"       .";"       .";"       ."
"De Aker";"    40.7";"    35.7";"    28.6";"     5.8";"     6.8";"    10.0";"    11.9";"   119.7"
"Middelveldsche Akerpolder";"    34.5";"    43.4";"    16.8";"     7.4";"     8.0";"    11.7";"    14.1";"    16.8"
"De Aker-West";"    41.1";"    34.6";"    30.4";"     6.1";"     7.4";"    10.7";"    12.4";"   262.4"
"De Aker-Oost";"    44.8";"    31.0";"    35.7";"     4.3";"     5.3";"     8.2";"     9.6";"   316.3"
"De Punt";"    30.5";"    54.0";"    11.3";"     8.9";"    12.0";"    16.2";"    20.0";"    10.4"
"Bedrijvencentrum Osdorp";"       .";"       .";"       .";"       .";"       .";"       .";"       .";"       ."
"Dijkgraafpleinbuurt";"    30.5";"    54.0";"    11.3";"     8.9";"    12.0";"    16.2";"    20.1";"    10.4"
"Osdorp-Midden";"    31.9";"    52.9";"    13.3";"    11.4";"    14.8";"    19.8";"    23.3";"     5.0"
"Reimerswaal";"    27.5";"    62.9";"     8.1";"    15.5";"    20.6";"    28.1";"    33.7";"     3.0"
"Botteskerkbuurt";"    30.3";"    56.5";"    11.6";"    13.3";"    17.7";"    23.2";"    27.0";"     3.5"
"Zuidwestkwadrant-Noord";"    29.9";"    56.4";"    11.5";"    10.8";"    16.0";"    21.6";"    25.3";"     4.0"
"Zuidwestkwadrant-Zuid";"    35.6";"    45.2";"    17.3";"     8.9";"    10.0";"    13.4";"    15.7";"    12.2"
"Osdorp-Oost";"    31.4";"    57.4";"    10.6";"    10.5";"    14.0";"    18.8";"    23.0";"     6.8"
"Wildeman";"    26.5";"    69.4";"     5.0";"    16.0";"    21.3";"    29.6";"    35.6";"     2.9"
"Meer en Oever";"    38.0";"    40.7";"    16.5";"     6.9";"     9.1";"    11.5";"    14.4";"    52.4"
"Osdorpplein e.o.";"    33.5";"    50.0";"    11.3";"     7.2";"     9.8";"    13.1";"    15.4";"     4.5"
"Calandlaan/Lelylaan";"    31.2";"    61.7";"    10.0";"    13.9";"    16.5";"    21.5";"    25.8";"    10.6"
"Osdorp-Zuidoost";"    30.0";"    61.9";"    11.9";"     9.1";"    12.4";"    16.5";"    21.6";"    10.3"
"Slotervaart-Noord";"    33.7";"    51.9";"    16.0";"    10.0";"    13.3";"    17.5";"    20.6";"    11.2"
"Oostoever Sloterplas";"    41.0";"    39.4";"    27.7";"     4.9";"     8.7";"    12.2";"    14.8";"   334.9"
"Emanuel van Meterenbuurt";"    34.5";"    51.9";"    16.8";"    11.3";"    14.1";"    17.3";"    19.8";"    12.4"
"Jacob Geelbuurt";"    27.0";"    62.4";"     5.7";"    13.5";"    16.8";"    22.4";"    26.4";"     2.3"
"Overtoomse Veld";"    33.9";"    50.5";"    15.2";"     9.1";"    10.3";"    13.8";"    16.6";"     3.9"
"Lucas/Andreasziekenhuis e.o.";"    27.5";"    57.8";"     6.7";"     4.4";"     2.8";"     3.1";"     3.1";"     0.3"
"Overtoomse Veld-Noord";"    34.8";"    44.1";"    20.2";"    11.3";"    14.7";"    19.7";"    23.3";"     4.9"
"Rembrandtpark-Noord";"    27.1";"    67.7";"     8.5";"     5.1";"     4.8";"     5.3";"     7.2";"     1.7"
"Overtoomse Veld-Zuid";"    34.9";"    50.9";"    13.0";"     6.2";"     7.1";"    10.1";"    12.9";"     4.4"
"Rembrandtpark-Zuid";"    47.6";"    35.4";"    25.6";"     4.2";"     3.6";"     4.6";"     5.4";"    48.8"
"Johan Jongkindbuurt";"    23.9";"    67.0";"     6.1";"    27.0";"    22.2";"    27.5";"    32.1";"     0.7"
"Slotervaart-Zuid";"    30.8";"    58.0";"    10.9";"     9.5";"    12.0";"    17.1";"    20.8";"     4.0"
"Louis Crispijnbuurt";"    30.1";"    60.3";"     8.8";"     9.5";"    11.7";"    16.6";"    20.7";"     5.8"
"Jacques Veldmanbuurt";"    33.0";"    54.5";"    11.8";"     7.6";"    10.5";"    14.5";"    17.3";"     6.1"
"Medisch Centrum Slotervaart";"    16.2";"    93.2";"     0.7";"    17.6";"    15.4";"    21.1";"    28.3";"    -1.3"
"Staalmanbuurt";"    34.4";"    46.0";"    16.3";"    10.4";"    13.7";"    20.3";"    23.9";"     4.7"
"Westlandgracht";"    34.4";"    57.6";"    13.1";"     9.0";"     9.4";"    12.6";"    15.0";"     2.9"
"Schipluidenbuurt";"    29.5";"    66.4";"     6.9";"    10.0";"     6.9";"     8.5";"    11.2";"     0.5"
"Koningin Wilhelminaplein";"    45.1";"    30.7";"    22.2";"     3.2";"     2.9";"     3.0";"     3.4";"    27.3"
"Andreasterrein";"    58.0";"    29.9";"    38.2";"     6.5";"     9.1";"    11.9";"    13.8";"    79.5"
"Delflandpleinbuurt-West";"    29.7";"    66.2";"     8.4";"     9.4";"    11.3";"    15.7";"    18.3";"     1.4"
"Delflandpleinbuurt-Oost";"    27.8";"    70.5";"     9.0";"    13.0";"    14.7";"    20.7";"    25.6";"     1.8"
"Riekerhaven";"    19.5";"    93.1";"     0.3";"    33.2";"    29.3";"    38.2";"    44.4";"    -0.9"
"Sloten/Nieuw-Sloten";"    42.5";"    31.9";"    27.9";"     4.6";"     5.3";"     7.1";"     8.5";"   122.0"
"Dorp Sloten";"    49.7";"    32.0";"    29.0";"     4.7";"     4.4";"     5.7";"     7.6";"   337.6"
"Nieuw-Sloten-Noordwest";"    40.8";"    32.5";"    29.1";"     5.2";"     7.2";"     9.3";"    11.5";"   137.6"
"Nieuw-Sloten-Noordoost";"    39.2";"    35.6";"    23.1";"     4.5";"     5.6";"     7.2";"     8.9";"    44.4"
"Nieuw-Sloten-Zuidwest";"    48.1";"    14.4";"    44.9";"     1.7";"     1.7";"     1.9";"     1.9";"   497.4"
"Belgiëplein e.o.";"    36.9";"    50.9";"    14.2";"     7.3";"    10.5";"    16.2";"    18.7";"    38.7"
"Nieuw-Sloten-Zuidoost";"    39.6";"    33.2";"    25.8";"     4.4";"     3.1";"     4.8";"     6.1";"    28.3"
"Sloterweg e.o.";"    56.9";"    19.3";"    47.6";"     5.8";"     5.8";"     6.6";"     6.6";"  1055.0"
"Park Haagseweg";"    55.1";"    14.8";"    43.7";"     2.0";"     2.0";"     2.7";"     2.7";"   581.2"
"Riekerpolder";"    43.5";"    34.0";"    14.0";"     1.5";"     1.5";"     2.0";"     2.7";"     3.6"
"Nieuwe Meer";"       .";"       .";"       .";"       .";"       .";"       .";"       .";"       ."
"Hoofddorppleinbuurt";"    47.3";"    41.1";"    24.3";"     6.5";"     7.7";"    10.0";"    12.0";"    39.5"
"Westlandgrachtbuurt";"    46.4";"    39.7";"    25.0";"     5.8";"     7.3";"     9.9";"    11.8";"    34.8"
"Surinamepleinbuurt";"    53.0";"    46.2";"    24.2";"     8.0";"     8.7";"    10.8";"    13.3";"    39.3"
"Legmeerpleinbuurt";"    44.6";"    40.9";"    23.5";"     6.1";"     6.9";"     9.9";"    12.1";"    39.7"
"Aalsmeerwegbuurt-West";"    46.7";"    37.9";"    25.0";"     6.0";"     7.4";"     8.9";"    10.5";"    59.0"
"Aalsmeerwegbuurt-Oost";"    46.6";"    41.0";"    23.6";"     7.5";"     8.9";"    11.3";"    13.2";"    38.2"
"Bedrijventerrein Schinkel";"       .";"    69.9";"    19.5";"       .";"       .";"       .";"       .";"     2.3"
"Schinkelbuurt";"    42.5";"    49.8";"    17.2";"     8.8";"    10.6";"    14.3";"    16.3";"    17.5"
"Schinkelbuurt-Noord";"    47.0";"    45.7";"    20.3";"     7.4";"     8.4";"    11.5";"    13.1";"    26.3"
"Schinkelbuurt-Zuid";"    35.2";"    56.4";"    12.1";"    11.0";"    14.0";"    18.8";"    21.5";"     8.5"
"Willemspark";"   127.5";"    29.0";"    43.9";"     6.0";"     6.3";"     7.5";"     9.0";"   301.0"
"Vondelpark-West";"       .";"       .";"       .";"       .";"       .";"       .";"       .";"       ."
"Willemsparkbuurt-Noord";"   150.9";"    32.7";"    43.5";"     7.7";"     7.5";"     8.4";"     9.8";"   193.1"
"Valeriusbuurt-West";"    77.4";"    30.0";"    39.9";"     5.3";"     6.1";"     7.5";"     9.4";"   168.9"
"Valeriusbuurt-Oost";"   198.8";"    22.1";"    52.3";"     5.3";"     5.3";"     6.2";"     7.2";"   979.1"
"Museumkwartier";"   116.1";"    32.9";"    36.9";"     5.9";"     6.1";"     7.4";"     8.7";"   187.2"
"Vondelpark-Oost";"       .";"       .";"       .";"       .";"       .";"       .";"       .";"       ."
"Cornelis Schuytbuurt";"   150.0";"    26.4";"    48.4";"     6.2";"     5.7";"     6.4";"     7.4";"   888.3"
"Concertgebouwbuurt";"   143.8";"    29.6";"    42.4";"     6.2";"     6.5";"     7.8";"     8.4";"   746.4"
"P.C. Hooftbuurt";"       .";"    31.7";"    40.6";"     6.3";"     6.5";"     6.8";"     8.8";"    88.1"
"Museumplein";"       .";"       .";"       .";"       .";"       .";"       .";"       .";"       ."
"Banpleinbuurt";"       .";"    27.5";"    48.8";"     4.9";"     3.8";"     4.6";"     5.8";"  1197.0"
"Hondecoeterbuurt";"    97.5";"    32.7";"    35.9";"     5.3";"     6.1";"     7.6";"     8.9";"   135.1"
"Johannes Vermeerbuurt";"   104.3";"    28.8";"    41.2";"     5.2";"     5.1";"     5.9";"     7.8";"   360.8"
"Duivelseiland";"    51.0";"    41.7";"    25.5";"     8.3";"     9.5";"    11.4";"    13.0";"    33.0"
"Harmoniehofbuurt";"    39.3";"    45.4";"    13.0";"     4.5";"     5.3";"     7.6";"     9.0";"    70.9"
"Oude Pijp";"    41.5";"    52.3";"    16.3";"     9.4";"    11.2";"    14.5";"    16.8";"    14.3"
"Frans Halsbuurt";"    45.0";"    50.9";"    18.8";"     9.6";"    11.0";"    13.6";"    15.6";"    24.4"
"Gerard Doubuurt";"    40.3";"    54.8";"    15.2";"    10.7";"    13.4";"    18.3";"    21.4";"    11.7"
"Hercules Seghersbuurt";"    37.9";"    56.2";"    11.7";"     9.7";"    12.3";"    15.6";"    18.2";"     9.3"
"Sarphatiparkbuurt";"    39.0";"    53.0";"    14.8";"     9.2";"    11.0";"    14.6";"    16.8";"    12.3"
"Hemonybuurt";"    47.6";"    46.1";"    22.3";"     8.0";"     8.9";"    11.0";"    12.6";"    24.1"
"Nieuwe Pijp";"    41.7";"    51.3";"    17.6";"    10.1";"    12.6";"    16.0";"    18.8";"    16.5"
"Cornelis Troostbuurt";"    41.4";"    49.4";"    18.3";"     9.9";"    11.9";"    14.5";"    17.0";"    20.7"
"Lizzy Ansinghbuurt";"    41.4";"    49.9";"    17.0";"    10.1";"    13.1";"    17.1";"    20.1";"    17.9"
"Van der Helstpleinbuurt";"    43.5";"    48.5";"    19.2";"     9.8";"    11.4";"    13.9";"    15.8";"    18.3"
"Willibrordusbuurt";"    39.8";"    58.8";"    15.0";"    10.7";"    15.0";"    20.1";"    24.5";"    10.2"
"Zuid Pijp";"    34.5";"    60.4";"    10.9";"    13.7";"    18.5";"    25.1";"    29.6";"     7.2"
"BurgemeesterTellegenbuurt-West";"    32.3";"    61.3";"     9.9";"    11.8";"    17.6";"    24.6";"    29.8";"     6.6"
"Burgemeester Tellegenbuurt-Oost";"    33.6";"    58.6";"    10.9";"    14.0";"    18.2";"    23.8";"    28.0";"     8.9"
"Diamantbuurt";"    36.9";"    61.5";"    11.6";"    14.8";"    19.5";"    26.5";"    30.9";"     5.8"
"Stadionbuurt";"    43.2";"    48.5";"    19.7";"     8.7";"    12.2";"    16.8";"    19.7";"    18.8"
"Bertelmanpleinbuurt";"    32.1";"    61.2";"     7.8";"    10.9";"    15.6";"    22.0";"    26.3";"     5.9"
"Olympisch Stadion e.o.";"    59.0";"    34.6";"    32.7";"     7.1";"     8.4";"    11.8";"    13.9";"    37.5"
"Marathonbuurt-West";"    31.6";"    63.5";"     8.3";"    13.6";"    19.1";"    27.6";"    32.5";"     6.6"
"Marathonbuurt-Oost";"    36.3";"    55.9";"    11.6";"    11.1";"    16.3";"    21.9";"    24.8";"    11.9"
"Van Tuyllbuurt";"    47.8";"    41.3";"    25.2";"     5.2";"     7.5";"    10.0";"    11.3";"    31.8"
"IJsbaanpad e.o.";"    51.2";"    23.1";"    45.0";"     3.3";"     3.9";"     4.6";"     4.6";"   385.6"
"Apollobuurt";"   109.4";"    26.1";"    47.1";"     6.5";"     5.7";"     6.8";"     7.7";"   653.6"
"Hiltonbuurt";"       .";"       .";"       .";"       .";"       .";"       .";"       .";"       ."
"Minervabuurt-Noord";"   131.4";"    22.3";"    54.0";"     6.3";"     4.8";"     5.6";"     6.3";"  1013.2"
"Minervabuurt-Midden";"    93.2";"    22.7";"    49.7";"     5.5";"     4.5";"     5.2";"     5.8";"   738.0"
"Minervabuurt-Zuid";"    69.7";"    28.7";"    40.2";"     6.2";"     5.8";"     7.0";"     8.0";"   351.5"
"Beethovenbuurt";"   108.9";"    34.0";"    42.8";"     8.6";"     8.8";"    10.6";"    12.1";"   229.1"
"Diepenbrockbuurt";"   259.3";"    19.5";"    59.4";"     6.6";"     5.2";"     5.5";"     6.6";"  3016.0"
"Scheldebuurt";"    52.3";"    39.0";"    28.4";"     4.9";"     6.6";"     8.9";"    10.6";"    42.1"
"Wielingenbuurt";"    58.0";"    34.5";"    32.2";"     4.8";"     5.5";"     7.6";"     9.0";"    65.8"
"Scheldebuurt-West";"    57.1";"    40.9";"    27.9";"     4.5";"     6.8";"     8.9";"    10.7";"    39.8"
"Scheldebuurt-Midden";"    50.2";"    37.9";"    31.5";"     4.1";"     5.8";"     7.9";"     9.6";"    60.6"
"Scheldebuurt-Oost";"    45.6";"    38.1";"    25.9";"     4.5";"     5.4";"     7.5";"     9.1";"    38.4"
"Veluwebuurt";"    36.5";"    54.8";"    15.1";"     9.4";"    13.3";"    17.6";"    21.0";"    14.9"
"Kop Zuidas";"    68.4";"    16.8";"    42.3";"     2.2";"     2.5";"     2.8";"     3.0";"    51.7"
"IJselbuurt";"    36.2";"    54.5";"    14.7";"     9.0";"    12.2";"    16.5";"    19.7";"     9.2"
"IJselbuurt-West";"    35.6";"    56.9";"    13.3";"    10.7";"    14.6";"    19.2";"    23.0";"     9.1"
"IJselbuurt-Oost";"    36.7";"    52.4";"    15.9";"     7.5";"    10.1";"    14.1";"    16.7";"     9.4"
"Rijnbuurt";"    40.0";"    53.5";"    16.1";"     9.5";"    12.3";"    16.7";"    19.8";"    12.3"
"Kromme Mijdrechtbuurt";"    36.3";"    58.1";"    13.2";"    11.0";"    13.5";"    17.8";"    21.2";"     8.2"
"Rijnbuurt-West";"    31.7";"    69.4";"     6.8";"    15.9";"    21.6";"    29.2";"    34.6";"     4.9"
"Rijnbuurt-Midden";"    41.9";"    45.3";"    20.6";"     7.4";"     9.0";"    12.2";"    14.6";"    19.0"
"Rijnbuurt-Oost";"    42.7";"    45.4";"    21.1";"     5.6";"     7.7";"    11.0";"    13.4";"    24.0"
"Zorgvlied";"       .";"       .";"       .";"       .";"       .";"       .";"       .";"       ."
"Prinses Irenebuurt e.o.";"   107.5";"    20.1";"    44.1";"     2.9";"     2.7";"     3.4";"     4.3";"   872.1"
"Prinses Irenebuurt";"   107.5";"    20.1";"    44.1";"     2.9";"     2.7";"     3.4";"     4.3";"   872.1"
"Beatrixpark";"       .";"       .";"       .";"       .";"       .";"       .";"       .";"       ."
"Zuidas";"    67.3";"    49.1";"    24.3";"     8.9";"     6.9";"     8.1";"     9.0";"     4.1"
"Zuidas-Noord";"    55.6";"    37.1";"    35.2";"     1.3";"     1.3";"     1.7";"     1.7";"    10.4"
"RAI";"       .";"       .";"       .";"       .";"       .";"       .";"       .";"       ."
"VU-kwartier";"    43.2";"    49.0";"    16.3";"       .";"       .";"       .";"       .";"     2.8"
"Zuidas-Zuid";"   103.2";"    27.1";"    37.1";"     4.6";"     3.9";"     4.5";"     4.7";"    28.1"
"Vivaldi";"    29.7";"    77.3";"     7.8";"    17.6";"    13.0";"    15.4";"    17.8";"     0.1"
"Buitenveldert-West";"    51.9";"    44.6";"    21.2";"     6.4";"     8.3";"    11.6";"    14.1";"    47.6"
"Amsterdamse Bos";"       .";"       .";"       .";"       .";"       .";"       .";"       .";"       ."
"Zuiderhof";"       .";"       .";"       .";"       .";"       .";"       .";"       .";"       ."
"Buitenveldert-West-Midden";"   115.9";"    38.6";"    33.0";"     5.5";"     5.5";"     8.7";"    11.0";"   286.8"
"Gelderlandpleinbuurt";"    47.8";"    45.1";"    18.8";"     6.1";"     7.7";"    10.8";"    13.4";"    39.8"
"Buitenveldert-Zuidwest";"    45.7";"    49.6";"    22.6";"     7.4";"    11.4";"    15.4";"    18.6";"    42.9"
"Buitenveldert-Zuid-Midden";"    46.6";"    40.2";"    19.5";"     5.9";"     6.4";"     9.0";"    10.8";"    50.3"
"Buitenveldert-Oost";"    44.1";"    47.6";"    18.7";"     7.5";"     9.6";"    12.3";"    14.6";"    31.0"
"De Klenckebuurt";"    52.2";"    30.6";"    24.5";"     4.2";"     3.9";"     4.7";"     6.3";"    81.4"
"Buitenveldert-Oost-Midden";"    37.0";"    51.0";"    14.8";"     9.1";"    12.9";"    17.0";"    20.3";"    20.5"
"Buitenveldert-Zuidoost";"    48.7";"    47.6";"    21.2";"     6.7";"     7.4";"     9.4";"    10.8";"    40.9"
"Amstelpark";"       .";"       .";"       .";"       .";"       .";"       .";"       .";"       ."
"Oostelijk Havengebied";"    49.0";"    33.2";"    29.3";"     6.0";"     6.6";"     8.5";"    10.4";"    72.2"
"Java-eiland";"    46.5";"    37.2";"    27.7";"     7.9";"     6.8";"     8.3";"    10.5";"    55.1"
"KNSM-eiland";"    45.8";"    34.4";"    23.1";"     6.4";"     7.4";"     9.9";"    11.8";"   220.1"
"Oostelijke Handelskade";"    60.7";"    25.9";"    34.4";"     5.7";"     6.4";"     7.9";"     9.1";"    34.0"
"Rietlanden";"    48.1";"    33.2";"    30.7";"     5.4";"     6.7";"     9.4";"    11.4";"    62.5"
"Sporenburg";"    58.1";"    24.3";"    42.1";"     4.2";"     4.3";"     5.3";"     6.3";"   331.0"
"Borneo";"    49.5";"    27.7";"    36.7";"     6.0";"     6.8";"     8.7";"    10.3";"   120.3"
"Entrepot-Noordwest";"    40.1";"    47.1";"    16.3";"     9.4";"    11.4";"    15.4";"    19.0";"    20.6"
"Bedrijvengebied Veelaan";"       .";"       .";"       .";"       .";"       .";"       .";"       .";"       ."
"Architectenbuurt";"    40.6";"    39.6";"    17.3";"     7.4";"     9.4";"    12.0";"    14.8";"   173.8"
"Cruquiusbuurt";"    55.5";"    26.7";"    34.7";"     1.7";"     1.7";"     2.3";"     3.3";"    24.3"
"Bedrijvengebied Zeeburgerkade";"    34.3";"    55.2";"    13.1";"     6.0";"     5.3";"     6.0";"     7.5";"     6.9"
"Weesperzijde";"    48.2";"    42.0";"    24.6";"     6.4";"     7.9";"    10.3";"    12.1";"    34.6"
"Weesperzijde-Noord";"    53.0";"    39.1";"    27.7";"     5.7";"     6.3";"     8.2";"     9.5";"    66.5"
"Weesperzijde-Midden/Zuid";"    48.8";"    39.4";"    25.4";"     6.3";"     8.4";"    10.9";"    13.0";"    39.8"
"Parooldriehoek";"    19.6";"    76.7";"     2.9";"    12.9";"    13.6";"    18.8";"    20.5";"     0.1"
"Oosterparkbuurt";"    37.7";"    54.3";"    15.7";"    11.4";"    15.1";"    19.7";"    22.6";"    11.5"
"Oosterparkbuurt-Noordwest";"    35.3";"    57.4";"    13.4";"    10.1";"    13.8";"    17.7";"    20.3";"     9.1"
"Oosterpark";"    25.6";"    78.7";"     2.8";"       .";"       .";"       .";"       .";"     1.8"
"Oosterparkbuurt-Zuidwest";"    38.1";"    57.6";"    14.3";"    14.2";"    19.0";"    25.5";"    28.8";"     6.7"
"Oosterparkbuurt-Zuidoost";"    40.8";"    46.5";"    20.3";"    10.1";"    13.2";"    16.6";"    19.2";"    26.4"
"Transvaalbuurt";"    35.1";"    54.5";"    14.4";"    11.5";"    16.0";"    21.4";"    24.7";"     7.4"
"Transvaalbuurt-West";"    34.7";"    55.8";"    13.0";"    11.7";"    16.7";"    23.1";"    26.2";"     7.4"
"Transvaalbuurt-Oost";"    35.4";"    53.3";"    15.6";"    11.3";"    15.4";"    19.8";"    23.3";"     7.4"
"Dapperbuurt";"    36.8";"    55.3";"    15.9";"    10.9";"    14.7";"    20.1";"    23.3";"     9.3"
"Dapperbuurt-Noord";"    34.7";"    56.6";"    13.9";"    10.7";"    14.8";"    20.7";"    24.1";"     9.1"
"Dapperbuurt-Zuid";"    34.9";"    59.2";"    13.6";"    12.2";"    15.5";"    21.2";"    24.2";"     5.3"
"Oostpoort";"    46.6";"    43.4";"    26.1";"     8.5";"    12.6";"    16.3";"    19.3";"    39.8"
"Indische Buurt-West";"    34.8";"    53.1";"    13.7";"    12.2";"    15.6";"    20.3";"    24.1";"     7.6"
"Timorpleinbuurt-Noord";"    37.1";"    51.5";"    15.4";"    10.9";"    12.7";"    17.3";"    20.0";"    12.2"
"Timorpleinbuurt-Zuid";"    35.0";"    52.7";"    13.4";"    12.1";"    15.0";"    18.8";"    22.6";"     7.9"
"Ambonpleinbuurt";"    32.0";"    55.5";"    12.2";"    13.9";"    19.6";"    26.1";"    30.4";"     4.3"
"Indische Buurt-Oost";"    33.1";"    55.8";"    12.5";"    12.7";"    18.2";"    24.1";"    27.8";"     5.5"
"Makassarpleinbuurt";"    31.1";"    60.7";"    10.3";"    13.7";"    20.5";"    27.3";"    31.1";"     4.5"
"Zeeburgerdijk-Oost";"    57.3";"    29.7";"    30.6";"     6.3";"     5.4";"     6.8";"     9.3";"   280.9"
"Sumatraplantsoenbuurt";"    33.8";"    50.7";"    13.9";"    11.9";"    16.1";"    21.0";"    24.9";"     5.7"
"Flevopark";"       .";"       .";"       .";"       .";"       .";"       .";"       .";"       ."
"Zeeburgereiland/Bovendiep";"    34.7";"    55.1";"    16.3";"     9.7";"     9.2";"    13.3";"    16.3";"     2.9"
"Sluisbuurt";"       .";"       .";"       .";"       .";"       .";"       .";"       .";"       ."
"Sportheldenbuurt";"    40.0";"    42.7";"    21.1";"     6.3";"     6.7";"    10.1";"    12.7";"     7.8"
"Oostpunt Zeeburgereiland";"       .";"       .";"       .";"       .";"       .";"       .";"       .";"       ."
"Baaibuurt-West";"    15.7";"    91.2";"     1.0";"       .";"       .";"       .";"       .";"    -1.0"
"Baaibuurt-Oost";"    17.4";"    98.6";"     0.4";"    33.5";"    25.7";"    34.2";"    40.1";"    -1.0"
"Bovendiep/Diemerpark";"       .";"       .";"       .";"       .";"       .";"       .";"       .";"       ."
"IJburg-West";"    48.2";"    30.0";"    33.7";"     5.4";"     6.5";"     9.2";"    10.8";"    52.9"
"Steigereiland-Zuid";"    54.5";"    28.2";"    40.7";"     5.0";"     6.3";"     9.7";"    10.8";"   379.7"
"Steigereiland-Noord";"    47.2";"    32.7";"    25.7";"     4.3";"     5.1";"     7.4";"     8.4";"    12.9"
"Rieteilanden-West";"    65.1";"    14.8";"    54.7";"     4.6";"     4.0";"     4.6";"     5.4";"   612.6"
"Joris Ivenspleinbuurt";"    41.5";"    38.7";"    24.5";"     5.4";"     7.2";"    11.0";"    13.0";"    18.3"
"Ed Pelsterparkbuurt";"    43.2";"    30.4";"    31.5";"     6.5";"     7.8";"    10.8";"    12.8";"    43.4"
"IJburg-Oost";"    45.2";"    30.0";"    33.9";"     4.9";"     8.2";"    11.9";"    13.5";"   295.0"
"Buiteneiland";"       .";"       .";"       .";"       .";"       .";"       .";"       .";"       ."
"Pampusbuurt-West";"       .";"       .";"       .";"       .";"       .";"       .";"       .";"       ."
"Pampusbuurt-Oost";"       .";"       .";"       .";"       .";"       .";"       .";"       .";"       ."
"Centrumeiland";"    45.2";"    30.0";"    33.9";"     4.9";"     8.2";"    11.9";"    13.5";"   295.0"
"Muidenbuurt-West";"       .";"       .";"       .";"       .";"       .";"       .";"       .";"       ."
"IJburg-Zuid";"    49.1";"    30.0";"    36.2";"     6.8";"     8.5";"    11.1";"    13.4";"    59.2"
"Havenkwartier IJburg";"    37.8";"    39.1";"    17.0";"     7.1";"    11.1";"    13.5";"    17.2";"    10.3"
"Theo van Goghparkbuurt";"    48.5";"    27.5";"    41.6";"     6.8";"     7.8";"    10.5";"    12.4";"   149.6"
"Rieteiland-Oost";"       .";"       .";"       .";"       .";"       .";"       .";"       .";"       ."
"Frankendael";"    37.6";"    56.7";"    16.6";"     8.5";"    11.0";"    15.4";"    18.5";"     7.8"
"Van der Kunbuurt";"    31.6";"    57.9";"     6.5";"    11.9";"    18.0";"    22.7";"    27.8";"     1.2"
"De Eenhoorn";"    29.5";"    72.5";"     9.2";"     8.4";"     8.0";"    13.0";"    15.8";"     1.1"
"Don Bosco";"    49.4";"    39.4";"    29.8";"     5.8";"     6.6";"     9.3";"    11.5";"    79.8"
"Julianapark";"    48.1";"    24.1";"    24.0";"     3.1";"     5.0";"     6.8";"     7.3";"    34.2"
"Frankendael";"       .";"       .";"       .";"       .";"       .";"       .";"       .";"       ."
"Tuindorp Amstelstation";"    25.1";"    76.9";"     4.0";"    14.8";"    25.1";"    33.2";"    39.9";"     2.7"
"De Wetbuurt";"    43.3";"    46.4";"    23.2";"     6.8";"    10.3";"    14.7";"    18.2";"    40.0"
"Tuindorp Frankendael";"    37.0";"    62.0";"    15.7";"    11.1";"    13.5";"    18.6";"    21.7";"     8.0"
"Middenmeer";"    42.7";"    44.6";"    26.6";"     5.2";"     5.8";"     8.3";"    10.3";"    38.1"
"Linnaeusparkbuurt";"    56.6";"    33.4";"    33.7";"     4.8";"     5.0";"     7.1";"     9.0";"    95.5"
"Middenmeer-Noord";"    48.9";"    34.5";"    36.2";"     3.9";"     5.2";"     7.7";"     9.4";"    88.0"
"Middenmeer-Zuid";"    43.9";"    35.4";"    29.9";"     4.8";"     5.0";"     7.0";"     9.0";"   110.8"
"Science Park-Noord";"    27.0";"    68.0";"    13.3";"     4.3";"     3.7";"     5.0";"     6.6";"     1.8"
"Science Park-Zuid";"    26.0";"    93.9";"     0.8";"    17.3";"    19.1";"    27.7";"    33.5";"    -0.2"
"Sportpark Middenmeer-Zuid";"    46.6";"    41.1";"    21.6";"     5.0";"     7.8";"    12.2";"    13.3";"   397.3"
"Sportpark Middenmeer-Noord";"    21.9";"    95.5";"     0.4";"    19.8";"    21.5";"    28.8";"    31.4";"     0.0"
"Park de Meer";"    48.5";"    29.5";"    33.2";"     3.5";"     4.7";"     8.2";"    10.1";"   426.4"
"Sportpark Voorland";"       .";"       .";"       .";"       .";"       .";"       .";"       .";"       ."
"Betondorp";"    32.5";"    63.3";"     7.7";"    11.7";"    16.3";"    23.3";"    29.2";"     8.5"
"Drieburg";"       .";"       .";"       .";"       .";"       .";"       .";"       .";"       ."
"Nieuwe Oosterbegraafplaats";"       .";"       .";"       .";"       .";"       .";"       .";"       .";"       ."
"Betondorp";"    32.4";"    63.4";"     7.7";"    11.7";"    16.5";"    23.3";"    29.3";"     8.5"
"Omval/Overamstel";"    47.8";"    45.9";"    23.7";"     4.8";"     4.2";"     5.5";"     6.7";"     9.8"
"De Omval";"    70.2";"    20.7";"    40.2";"     2.0";"     2.0";"     2.0";"     2.0";"   247.8"
"Overamstel";"       .";"       .";"       .";"       .";"       .";"       .";"       .";"       ."
"Amstelglorie";"       .";"       .";"       .";"       .";"       .";"       .";"       .";"       ."
"Amstelkwartier-West";"    29.5";"    68.9";"    11.2";"     8.8";"     6.9";"     9.7";"    12.4";"     0.1"
"Amstelkwartier-Noord";"    48.6";"    45.0";"    23.4";"     4.8";"     4.5";"     6.0";"     7.2";"    13.2"
"Amstelkwartier-Zuid";"       .";"       .";"       .";"       .";"       .";"       .";"       .";"       ."
"Weespertrekvaart";"    50.8";"    38.5";"    27.7";"     3.3";"     2.9";"     3.3";"     3.8";"     8.3"
"Oostzanerwerf";"    36.1";"    42.5";"    18.8";"     8.1";"     9.9";"    14.1";"    17.1";"    41.5"
"Noorder IJplas";"       .";"       .";"       .";"       .";"       .";"       .";"       .";"       ."
"Melkweg/Oostzanerwerf";"       .";"       .";"       .";"       .";"       .";"       .";"       .";"       ."
"Walvisbuurt";"    41.2";"    28.6";"    26.7";"     2.9";"     4.1";"     4.9";"     6.7";"   264.0"
"Twiske-West";"    43.5";"    28.7";"    33.2";"     5.4";"     5.3";"     7.6";"    10.4";"   319.8"
"Oostzanerdijk";"    41.7";"    32.7";"    37.2";"     6.8";"     5.4";"     7.4";"     8.8";"   311.9"
"Circus/Kermisbuurt";"    35.1";"    41.5";"    14.6";"     7.4";"     9.0";"    11.8";"    13.1";"   117.9"
"Molenwijk";"    27.7";"    60.4";"     5.2";"    12.7";"    16.3";"    24.5";"    29.3";"     4.3"
"Noordelijke IJ-oevers-West";"    43.5";"    44.4";"    22.4";"     7.2";"     6.8";"     8.9";"    10.1";"     5.8"
"Cornelis Douwesterrein-West";"       .";"       .";"       .";"       .";"       .";"       .";"       .";"       ."
"Cornelis Douwesterrein-Oost";"       .";"       .";"       .";"       .";"       .";"       .";"       .";"       ."
"NDSM terrein";"    34.3";"    57.6";"     8.4";"     7.4";"     6.1";"     7.8";"     9.2";"     0.1"
"Buiksloterham-Zuid";"    39.1";"    45.6";"    21.8";"    11.7";"    13.2";"    18.7";"    21.0";"     7.2"
"Buiksloterham-Noord";"    49.7";"    30.5";"    39.7";"     6.7";"     5.7";"     6.9";"     7.4";"   371.2"
"Klaprozenbuurt";"       .";"       .";"       .";"       .";"       .";"       .";"       .";"       ."
"Overhoeks";"    55.2";"    32.0";"    34.7";"     5.3";"     5.3";"     6.7";"     7.7";"    26.8"
"Tuindorp Oostzaan";"    33.0";"    49.9";"    15.2";"     8.7";"    12.0";"    17.2";"    21.1";"    14.2"
"Tuindorp Oostzaan-West";"    31.5";"    54.7";"     9.7";"     7.5";"    13.8";"    18.7";"    22.3";"    13.1"
"Tuindorp Oostzaan-Oost";"    31.9";"    50.3";"    11.9";"     9.0";"    11.4";"    16.8";"    21.0";"    12.6"
"Terrasdorp";"    30.3";"    59.5";"     8.5";"    10.7";"    15.1";"    21.7";"    26.4";"     7.5"
"De Bongerd";"    42.7";"    23.0";"    41.8";"     4.2";"     4.7";"     6.5";"     8.3";"   394.0"
"Kadoelen";"    44.6";"    28.5";"    35.0";"     3.9";"     4.7";"     6.8";"     8.7";"   355.8"
"Twiske-Oost";"    37.4";"    36.9";"    23.6";"     3.2";"     3.8";"     7.2";"    10.1";"   186.0"
"Kadoelen";"    48.1";"    24.5";"    40.4";"     4.3";"     5.1";"     6.5";"     8.0";"   459.6"
"Banne Buiksloot";"    31.9";"    51.4";"    13.5";"    10.3";"    13.7";"    19.1";"    22.9";"     8.5"
"Banne-Noordwest";"    27.7";"    60.7";"     7.7";"    12.3";"    16.8";"    22.7";"    27.6";"     3.7"
"Banne-Noordoost";"    31.8";"    47.9";"    12.0";"    10.5";"    13.2";"    19.0";"    22.7";"     8.3"
"Banne-Zuidwest";"    30.1";"    52.9";"    12.8";"    11.1";"    15.0";"    21.5";"    25.5";"     5.5"
"Banne-Zuidoost";"    34.4";"    50.1";"    15.6";"     9.2";"    12.1";"    16.8";"    20.2";"    14.1"
"Buiksloterbreek";"    50.7";"    14.7";"    47.3";"     4.0";"     4.0";"     4.0";"     4.8";"   686.0"
"Marjoleinterrein";"    37.5";"    41.3";"    26.6";"     6.7";"     9.0";"    10.4";"    12.7";"   114.4"
"Nieuwendammerdijk/Buiksloterdijk";"    67.4";"    14.2";"    51.8";"     2.5";"     2.5";"     2.8";"     3.3";"   838.4"
"Buiksloterdijk-West";"       .";"       .";"       .";"       .";"       .";"       .";"       .";"       ."
"Buiksloterdijk-Oost";"       .";"       .";"       .";"       .";"       .";"       .";"       .";"       ."
"Nieuwendammerdijk-West";"    58.6";"    14.5";"    48.8";"     3.0";"     2.7";"     3.2";"     3.5";"   808.5"
"Nieuwendammerdijk-Oost";"    66.2";"    15.3";"    58.9";"     1.6";"     2.4";"     2.4";"     3.2";"   836.9"
"Nieuwendammerdijk-Zuid";"       .";"       .";"       .";"       .";"       .";"       .";"       .";"       ."
"Elzenhagen";"    33.3";"    59.4";"    19.0";"    10.0";"    10.6";"    15.6";"    18.7";"     2.1"
"Elzenhagen-Noord";"    38.9";"    42.9";"    30.7";"     5.1";"     5.3";"     7.8";"     9.4";"    20.9"
"Elzenhagen-Zuid";"    25.1";"    82.7";"     2.5";"    17.1";"    18.3";"    27.0";"    32.1";"     0.0"
"Nintemanterrein";"       .";"       .";"       .";"       .";"       .";"       .";"       .";"       ."
"Buikslotermeer";"    30.5";"    57.6";"     8.5";"     9.6";"    13.3";"    18.0";"    22.2";"     6.9"
"Buikslotermeer-Noord";"    29.3";"    62.1";"     8.7";"     7.6";"    10.3";"    13.5";"    16.8";"    14.3"
"De Kleine Wereld";"    27.9";"    59.1";"     5.6";"    11.7";"    17.3";"    23.4";"    28.6";"     2.7"
"Loenermark";"    33.2";"    55.1";"     9.3";"     7.0";"     9.9";"    13.9";"    16.8";"    10.2"
"Buikslotermeerplein";"    30.0";"    66.7";"     6.5";"    10.1";"    17.1";"    23.2";"    29.1";"     5.1"
"Plan van Gool";"    31.2";"    51.3";"     9.6";"    11.4";"    13.6";"    18.5";"    23.0";"     6.2"
"Rode Kruisbuurt";"       .";"       .";"       .";"       .";"       .";"       .";"       .";"       ."
"Waterlandpleinbuurt";"    32.6";"    48.9";"    12.8";"     9.9";"    11.8";"    16.3";"    19.7";"     7.7"
"Markengouw-Noord";"    35.9";"    47.2";"     9.5";"     4.2";"     3.9";"     4.8";"     6.0";"   209.2"
"Markengouw-Midden";"    32.9";"    42.9";"    16.2";"     9.8";"    11.3";"    15.9";"    18.5";"     4.1"
"Markengouw-Zuid";"    32.2";"    45.3";"    16.0";"    10.5";"    11.6";"    16.6";"    20.1";"     5.4"
"Werengouw-Noord";"    39.3";"    37.1";"    15.1";"     5.1";"     6.6";"     6.6";"     7.8";"   277.8"
"Werengouw-Midden";"    30.6";"    56.3";"     8.0";"    10.4";"    13.4";"    18.3";"    22.7";"     6.1"
"Werengouw-Zuid";"    35.4";"    44.2";"    20.5";"    12.5";"    14.1";"    19.6";"    23.0";"    14.4"
"Volewijck";"    29.7";"    61.4";"     8.8";"    13.9";"    18.3";"    25.1";"    30.0";"     4.2"
"Bloemenbuurt-Noord";"    32.7";"    54.2";"    11.3";"     8.9";"    12.6";"    18.3";"    23.3";"     8.8"
"Bloemenbuurt-Zuid";"    28.3";"    63.8";"     9.1";"    14.0";"    18.8";"    27.0";"    33.2";"     3.9"
"Van der Pekbuurt";"    28.9";"    63.8";"     7.5";"    16.5";"    20.9";"    27.6";"    31.9";"     3.0"
"IJplein/Vogelbuurt";"    31.5";"    59.3";"     9.8";"    14.1";"    18.1";"    24.3";"    28.0";"     5.0"
"Vogelbuurt-Noord";"    30.1";"    59.3";"     9.5";"    13.5";"    16.2";"    22.3";"    26.9";"     7.3"
"Vliegenbos";"       .";"       .";"       .";"       .";"       .";"       .";"       .";"       ."
"Vogelbuurt-Zuid";"    30.2";"    59.0";"    10.6";"    13.8";"    18.2";"    25.0";"    28.4";"     3.6"
"IJplein e.o.";"    31.3";"    61.7";"     7.2";"    15.4";"    19.7";"    25.3";"    29.0";"     6.6"
"Tuindorp Buiksloot";"    30.9";"    55.6";"    12.1";"     9.7";"    13.2";"    20.6";"    25.0";"     6.1"
"Blauwe Zand";"    30.9";"    55.6";"    12.1";"     9.7";"    13.2";"    20.6";"    25.0";"     6.1"
"Tuindorp Nieuwendam";"    31.6";"    58.8";"    10.1";"     8.1";"    12.4";"    18.2";"    22.4";"    13.5"
"Tuindorp Nieuwendam-West";"    32.2";"    57.5";"    10.1";"     6.4";"    10.4";"    15.5";"    19.1";"    19.5"
"Tuindorp Nieuwendam-Oost";"    31.3";"    59.4";"    10.1";"     8.9";"    13.3";"    19.3";"    23.9";"    11.4"
"Noordelijke IJ-oevers-Oost";"    30.9";"    73.7";"     7.5";"    22.5";"    17.2";"    19.8";"    22.9";"     1.2"
"Hamerstraatkwartier-West";"    31.5";"    73.2";"     7.3";"    21.3";"    16.3";"    18.8";"    21.7";"     0.8"
"Hamerstraatkwartier-Oost";"       .";"       .";"       .";"       .";"       .";"       .";"       .";"       ."
"Bedrijventerrein Nieuwendammerdijk";"       .";"       .";"       .";"       .";"       .";"       .";"       .";"       ."
"Waterland";"    56.9";"    26.8";"    38.5";"     7.0";"     7.5";"     8.6";"     9.6";"   773.4"
"Noorderstrook-West";"       .";"       .";"       .";"       .";"       .";"       .";"       .";"       ."
"Noorderstrook-Oost";"       .";"       .";"       .";"       .";"       .";"       .";"       .";"       ."
"Zunderdorp";"    47.4";"    31.2";"    33.2";"     5.6";"     7.1";"    10.7";"    11.7";"   729.4"
"Schellingwoude-West";"       .";"       .";"       .";"       .";"       .";"       .";"       .";"       ."
"Schellingwoude-Oost";"    56.8";"    21.0";"    43.3";"     4.0";"     4.4";"     4.8";"     5.6";"   619.2"
"Schellingwoude-Noord";"       .";"       .";"       .";"       .";"       .";"       .";"       .";"       ."
"Zwarte Gouw";"       .";"       .";"       .";"       .";"       .";"       .";"       .";"       ."
"Holysloot";"    50.2";"    23.8";"    36.2";"     6.9";"     7.8";"     7.8";"     7.8";"  1016.9"
"Ransdorp";"    52.7";"    21.8";"    42.9";"     4.6";"     5.3";"     6.1";"     6.9";"   902.7"
"Durgerdam";"    81.4";"    19.6";"    45.1";"     3.5";"     3.0";"     3.5";"     4.0";"   906.0"
"Driemond";"    42.9";"    29.6";"    27.9";"     3.8";"     4.8";"     6.9";"     9.0";"   204.8"
"Landelijk gebied Driemond";"       .";"       .";"       .";"       .";"       .";"       .";"       .";"       ."
"Dorp Driemond";"    42.3";"    31.0";"    26.0";"     3.8";"     4.8";"     7.0";"     9.4";"   189.0"
"Bloemendalerpolder";"    60.1";"     6.1";"    70.7";"     0.6";"     0.5";"     0.6";"     0.7";"   520.2"
"Weespersluis-Noord";"       .";"       .";"       .";"       .";"       .";"       .";"       .";"       ."
"Waterrijk";"       .";"       .";"       .";"       .";"       .";"       .";"       .";"       ."
"Lanenrijk";"    62.5";"     6.0";"    74.8";"     0.6";"     0.6";"     0.7";"     0.7";"   482.8"
"Vechtrijk";"       .";"       .";"       .";"       .";"       .";"       .";"       .";"       ."
"Leeuwenveld";"    56.6";"     7.3";"    64.8";"     0.6";"     0.4";"     0.4";"     0.6";"   581.7"
"Bedrijventerrein Nijverheidslaan";"       .";"       .";"       .";"       .";"       .";"       .";"       .";"       ."
"Weesp-Noordwest";"    36.2";"    45.1";"    15.0";"     6.7";"     8.3";"    12.0";"    14.6";"    40.7"
"Bedrijventerrein-Noord Weesp";"       .";"       .";"       .";"       .";"       .";"       .";"       .";"       ."
"Hogewey-Noord";"    41.3";"    28.6";"    26.8";"     3.3";"     3.6";"     4.9";"     5.6";"   222.5"
"Hogewey-Midden";"    35.1";"    44.8";"    12.8";"     5.4";"     6.7";"    10.1";"    13.0";"    45.0"
"Hogewey-Zuid";"    35.8";"    49.2";"    17.5";"     8.0";"    11.7";"    15.5";"    18.6";"    34.0"
"Weesp Dichtersbuurt";"    37.1";"    44.1";"    10.8";"     6.1";"     6.8";"    10.3";"    12.3";"    51.8"
"Weesp Schildersbuurt";"    31.1";"    56.7";"    12.5";"    11.3";"    12.7";"    19.2";"    23.4";"     7.4"
"Weesp Binnenstad/Zuid";"    43.2";"    41.9";"    24.0";"     6.0";"     6.6";"     9.4";"    12.6";"   212.0"
"Herensingelkwartier";"    48.6";"    39.4";"    24.4";"     5.9";"     5.9";"     7.9";"    10.0";"   248.8"
"Bedrijventerrein Van Houten";"    40.4";"    45.5";"    27.2";"    18.0";"    12.3";"    13.2";"    14.9";"     6.2"
"Weesp Centrum";"    43.6";"    39.6";"    23.7";"     4.5";"     5.4";"     8.7";"    11.5";"   249.4"
"Weesp-Zuid I";"    33.7";"    68.5";"    10.4";"     5.9";"    11.4";"    15.7";"    25.2";"    26.5"
"Weesp-Zuid II";"    37.3";"    48.6";"    19.8";"     6.6";"     7.0";"    11.3";"    15.3";"    30.5"
"De Klomp";"    51.4";"    12.6";"    43.3";"     1.2";"     1.6";"     2.0";"     2.0";"   522.6"
"Aetsveld/Oostelijke Vechtoever";"    46.3";"    26.8";"    29.8";"     2.7";"     3.1";"     5.4";"     7.2";"   345.5"
"Aetsveldsepolder";"    82.7";"    19.1";"    50.5";"     4.1";"     3.6";"     5.2";"     5.2";"   664.4"
"Aetsveld-Zuid";"    41.1";"    28.2";"    25.1";"     1.9";"     2.4";"     4.9";"     6.9";"   266.1"
"Aetsveld-Noord";"    39.8";"    27.9";"    25.7";"     3.0";"     3.7";"     6.2";"     8.6";"   331.0"
"Oostelijke Vechtoever";"    53.9";"    24.7";"    41.9";"     3.2";"     2.7";"     5.0";"     5.4";"   624.0"
"Amstel III/Bullewijk";"    28.1";"    71.7";"     2.6";"     5.4";"     4.2";"     6.1";"     7.9";"     0.0"
"Hoofdcentrum-Zuidoost";"       .";"       .";"       .";"       .";"       .";"       .";"       .";"       ."
"Amstel III deel C/D-Noord";"       .";"       .";"       .";"       .";"       .";"       .";"       .";"       ."
"Amstel III deel A/B-Noord";"    36.2";"    50.5";"     3.8";"     2.1";"     0.9";"     1.5";"     1.8";"     0.1"
"Amstel III deel C/D-Zuid";"       .";"       .";"       .";"       .";"       .";"       .";"       .";"       ."
"Amstel III deel A/B-Zuid";"    25.9";"    75.3";"     2.1";"     4.4";"     3.4";"     5.0";"     7.2";"     0.0"
"AMC";"       .";"       .";"       .";"       .";"       .";"       .";"       .";"       ."
"Hoge Dijk";"       .";"       .";"       .";"       .";"       .";"       .";"       .";"       ."
"Venserpolder";"    28.8";"    63.6";"     5.5";"    13.7";"    18.3";"    22.9";"    26.1";"     3.0"
"Venserpolder-West";"    28.4";"    64.5";"     4.6";"    14.2";"    19.7";"    24.5";"    27.6";"     2.7"
"Venserpolder-Oost";"    29.3";"    62.1";"     6.8";"    13.0";"    16.3";"    20.5";"    23.7";"     4.3"
"Amsterdamse Poort e.o.";"    27.3";"    68.7";"     8.7";"    10.3";"    12.6";"    16.8";"    20.0";"     0.8"
"D-buurt";"    17.0";"    92.9";"     0.8";"    11.0";"    11.0";"    19.1";"    25.0";"    -2.3"
"F-buurt";"    33.3";"    53.6";"    13.5";"     7.7";"     8.7";"    10.9";"    12.6";"     3.0"
"Amsterdamse Poort";"    26.5";"    77.5";"     1.8";"    19.8";"    27.8";"    36.5";"    42.0";"     0.7"
"Vogeltjeswei";"    35.8";"    42.1";"    26.6";"     7.2";"    12.5";"    14.4";"    16.3";"   142.5"
"Nelson Mandelapark";"       .";"       .";"       .";"       .";"       .";"       .";"       .";"       ."
"H-buurt";"    25.8";"    68.5";"     5.0";"    15.8";"    20.3";"    26.0";"    29.9";"     0.7"
"Hoptille";"    23.4";"    77.5";"     2.0";"    16.1";"    18.5";"    23.7";"    27.7";"     0.2"
"Rechte H-buurt";"    26.4";"    66.0";"     5.6";"    15.7";"    21.5";"    27.3";"    30.7";"     1.2"
"Hakfort/Huigenbos";"    25.7";"    66.9";"     4.6";"    16.6";"    21.5";"    27.8";"    32.6";"     0.1"
"Huntum";"       .";"       .";"       .";"       .";"       .";"       .";"       .";"       ."
"Ganzenhoef e.o.";"    31.1";"    55.2";"    13.7";"    11.5";"    14.2";"    18.1";"    20.6";"     2.3"
"E-buurt";"    34.7";"    41.1";"    29.8";"     5.9";"     5.9";"     7.0";"     8.6";"     8.9"
"G-buurt-West";"    32.8";"    51.8";"    12.2";"     8.5";"    10.9";"    14.1";"    15.9";"     4.0"
"G-buurt-Noord";"    24.8";"    73.4";"     3.2";"    21.2";"    26.3";"    33.5";"    37.9";"     0.5"
"Geerdinkhof/Kantershof";"    33.3";"    51.6";"    14.0";"     7.7";"    13.1";"    16.0";"    18.3";"    50.8"
"G-buurt-Oost";"    34.9";"    51.5";"    13.1";"     5.9";"     9.8";"    12.7";"    15.3";"   140.7"
"Grunder/Koningshoef";"    33.8";"    41.8";"    19.5";"     6.3";"     9.0";"    10.5";"    12.8";"    16.4"
"Kantershof";"    30.2";"    58.0";"    12.1";"    11.5";"    20.8";"    24.4";"    26.9";"     9.4"
"Bijlmermuseum";"    26.7";"    68.2";"     4.6";"    13.7";"    21.3";"    27.1";"    30.6";"     1.0"
"Bijlmermuseum-Noord";"    25.6";"    72.3";"     3.4";"    14.8";"    26.8";"    34.2";"    38.0";"     1.1"
"Bijlmermuseum-Zuid";"    27.9";"    64.2";"     5.8";"    12.3";"    17.8";"    23.0";"    26.4";"     1.5"
"De Kameleon e.o.";"    26.4";"    69.3";"     4.1";"    14.3";"    19.8";"    24.7";"    28.2";"     0.2"
"K-buurt";"    30.5";"    54.9";"    12.9";"    12.4";"    16.6";"    20.7";"    24.0";"     3.5"
"Gooise Kant";"    41.0";"    23.5";"    36.9";"     3.6";"     3.6";"     4.4";"     4.8";"   201.6"
"Kortvoort";"    26.9";"    68.7";"     3.8";"    16.0";"    23.0";"    28.7";"    33.5";"     2.0"
"Kelbergen";"    29.1";"    53.7";"    10.8";"    12.8";"    13.6";"    18.6";"    22.0";"     3.7"
"K-buurt-Zuidwest";"    33.3";"    43.7";"    20.8";"     9.1";"    13.9";"    16.0";"    17.1";"    19.6"
"K-buurt-Zuidoost";"    34.4";"    41.2";"    22.3";"     8.6";"     8.6";"    10.8";"    13.0";"     7.1"
"Holendrecht";"    29.6";"    56.7";"     8.9";"    10.6";"    17.6";"    23.2";"    26.8";"     2.7"
"Holendrecht-West";"    25.2";"    69.7";"     3.9";"    13.4";"    27.5";"    35.6";"    40.5";"     1.2"
"Holendrecht-Oost";"    36.3";"    36.7";"    17.5";"     4.1";"     6.5";"     8.1";"     9.5";"   168.0"
"Holendrecht-Zuid";"    28.6";"    59.3";"     7.4";"    12.5";"    17.2";"    23.5";"    27.5";"     1.9"
"Nellestein";"    35.0";"    48.5";"     9.4";"     6.5";"     8.1";"    11.3";"    13.0";"    34.4"
"L-buurt";"    34.9";"    48.4";"     9.3";"     6.5";"     8.1";"    11.3";"    13.0";"    34.4"
"Gaasperpark";"       .";"       .";"       .";"       .";"       .";"       .";"       .";"       ."
"Gaasperplas";"       .";"       .";"       .";"       .";"       .";"       .";"       .";"       ."
"Reigersbos";"    31.1";"    53.8";"     9.1";"     8.9";"    12.8";"    17.2";"    20.1";"     8.3"
"Reigersbos 1";"    31.1";"    54.0";"     8.1";"    10.1";"    13.0";"    18.7";"    21.1";"     5.1"
"Reigersbos 2";"    28.9";"    63.1";"     4.2";"    10.0";"    14.6";"    19.3";"    23.8";"     6.2"
"Reigersbos 3";"    30.0";"    56.3";"     8.8";"     9.2";"    14.2";"    18.8";"    21.7";"     6.0"
"Reigersbos 4";"    34.0";"    43.9";"    14.2";"     6.9";"     9.9";"    12.6";"    15.0";"    21.1"
"Gein";"    33.0";"    46.8";"    13.1";"     8.2";"    11.1";"    15.2";"    18.0";"    14.4"
"Gein 1";"    28.6";"    62.9";"     6.1";"    12.5";"    18.6";"    25.1";"    29.0";"     2.6"
"Gein 2";"    29.0";"    60.3";"     7.0";"    11.7";"    15.2";"    20.8";"    25.4";"     2.0"
"Gein 3";"    40.8";"    21.4";"    27.0";"     1.8";"     1.5";"     2.2";"     3.1";"   333.1"
"Gein 4";"    32.8";"    45.4";"    11.5";"     7.8";"    10.1";"    14.1";"    16.2";"    10.0"
